what,kind,bundleId,bundleVersion,description,time
activated,perspective,org.eclipse.jst.j2ee.ui,,"org.eclipse.jst.j2ee.J2EEPerspective",1287737887150
started,bundle,org.eclipse.osgi,3.5.2.R35x_v20100126,"org.eclipse.osgi",1287737887150
started,bundle,com.ibm.icu,4.0.1.v20090822,"com.ibm.icu",1287737887150
started,bundle,org.eclipse.core.contenttype,3.4.1.R35x_v20090826-0451,"org.eclipse.core.contenttype",1287737887150
started,bundle,org.eclipse.core.databinding.observable,1.2.0.M20090902-0800,"org.eclipse.core.databinding.observable",1287737887150
started,bundle,org.eclipse.core.expressions,3.4.101.R35x_v20100209,"org.eclipse.core.expressions",1287737887150
started,bundle,org.eclipse.core.filebuffers,3.5.0.v20090526-2000,"org.eclipse.core.filebuffers",1287737887150
started,bundle,org.eclipse.core.filesystem,1.2.1.R35x_v20091203-1235,"org.eclipse.core.filesystem",1287737887150
started,bundle,org.eclipse.core.jobs,3.4.100.v20090429-1800,"org.eclipse.core.jobs",1287737887165
started,bundle,org.eclipse.core.net,1.2.1.r35x_20090812-1200,"org.eclipse.core.net",1287737887165
started,bundle,org.eclipse.core.resources,3.5.2.R35x_v20091203-1235,"org.eclipse.core.resources",1287737887165
started,bundle,org.eclipse.core.runtime,3.5.0.v20090525,"org.eclipse.core.runtime",1287737887165
started,bundle,org.eclipse.core.runtime.compatibility,3.2.0.v20090413,"org.eclipse.core.runtime.compatibility",1287737887181
started,bundle,org.eclipse.core.runtime.compatibility.auth,3.2.100.v20090413,"org.eclipse.core.runtime.compatibility.auth",1287737887181
started,bundle,org.eclipse.ecf,3.0.0.v20090831-1906,"org.eclipse.ecf",1287737887212
started,bundle,org.eclipse.ecf.filetransfer,3.0.0.v20090831-1906,"org.eclipse.ecf.filetransfer",1287737887212
started,bundle,org.eclipse.ecf.identity,3.0.0.v20090831-1906,"org.eclipse.ecf.identity",1287737887243
started,bundle,org.eclipse.ecf.provider.filetransfer,3.0.1.v20090831-1906,"org.eclipse.ecf.provider.filetransfer",1287737887243
started,bundle,org.eclipse.ecf.provider.filetransfer.httpclient,3.0.1.v20090831-1906,"org.eclipse.ecf.provider.filetransfer.httpclient",1287737887275
started,bundle,org.eclipse.emf.common,2.5.0.v200906151043,"org.eclipse.emf.common",1287737887275
started,bundle,org.eclipse.emf.common.ui,2.5.0.v200906151043,"org.eclipse.emf.common.ui",1287737887275
started,bundle,org.eclipse.emf.ecore,2.5.0.v200906151043,"org.eclipse.emf.ecore",1287737887275
started,bundle,org.eclipse.emf.ecore.xmi,2.5.0.v200906151043,"org.eclipse.emf.ecore.xmi",1287737887290
started,bundle,org.eclipse.emf.edit,2.5.0.v200906151043,"org.eclipse.emf.edit",1287737887290
started,bundle,org.eclipse.emf.edit.ui,2.5.0.v200906151043,"org.eclipse.emf.edit.ui",1287737887290
started,bundle,org.eclipse.epp.usagedata.gathering,1.1.1.R201001291118,"org.eclipse.epp.usagedata.gathering",1287737887290
started,bundle,org.eclipse.epp.usagedata.recording,1.1.1.R201001291118,"org.eclipse.epp.usagedata.recording",1287737887290
started,bundle,org.eclipse.equinox.app,1.2.1.R35x_v20091203,"org.eclipse.equinox.app",1287737887290
started,bundle,org.eclipse.equinox.common,3.5.1.R35x_v20090807-1100,"org.eclipse.equinox.common",1287737887290
started,bundle,org.eclipse.equinox.ds,1.1.1.R35x_v20090806,"org.eclipse.equinox.ds",1287737887290
started,bundle,org.eclipse.equinox.frameworkadmin,1.0.100.v20090520-1905,"org.eclipse.equinox.frameworkadmin",1287737887290
started,bundle,org.eclipse.equinox.frameworkadmin.equinox,1.0.101.R35x_v20091214,"org.eclipse.equinox.frameworkadmin.equinox",1287737887290
started,bundle,org.eclipse.equinox.p2.core,1.0.101.R35x_v20090819,"org.eclipse.equinox.p2.core",1287737887290
started,bundle,org.eclipse.equinox.p2.director,1.0.101.R35x_v20100112,"org.eclipse.equinox.p2.director",1287737887290
started,bundle,org.eclipse.equinox.p2.directorywatcher,1.0.100.v20090525,"org.eclipse.equinox.p2.directorywatcher",1287737887290
started,bundle,org.eclipse.equinox.p2.engine,1.0.102.R35x_v20091117,"org.eclipse.equinox.p2.engine",1287737887290
started,bundle,org.eclipse.equinox.p2.exemplarysetup,1.0.100.v20090520-1905,"org.eclipse.equinox.p2.exemplarysetup",1287737887290
started,bundle,org.eclipse.equinox.p2.garbagecollector,1.0.100.v20090520-1905,"org.eclipse.equinox.p2.garbagecollector",1287737887290
started,bundle,org.eclipse.equinox.p2.metadata.repository,1.0.101.R35x_v20090812,"org.eclipse.equinox.p2.metadata.repository",1287737887290
started,bundle,org.eclipse.equinox.p2.reconciler.dropins,1.0.100.v20090520-1905,"org.eclipse.equinox.p2.reconciler.dropins",1287737887290
started,bundle,org.eclipse.equinox.p2.repository,1.0.1.R35x_v20100105,"org.eclipse.equinox.p2.repository",1287737887290
started,bundle,org.eclipse.equinox.p2.updatechecker,1.1.0.v20090520-1905,"org.eclipse.equinox.p2.updatechecker",1287737887290
started,bundle,org.eclipse.equinox.preferences,3.2.301.R35x_v20091117,"org.eclipse.equinox.preferences",1287737887290
started,bundle,org.eclipse.equinox.registry,3.4.100.v20090520-1800,"org.eclipse.equinox.registry",1287737887306
started,bundle,org.eclipse.equinox.security,1.0.100.v20090520-1800,"org.eclipse.equinox.security",1287737887384
started,bundle,org.eclipse.equinox.simpleconfigurator.manipulator,1.0.101.R35x_v20100209,"org.eclipse.equinox.simpleconfigurator.manipulator",1287737887384
started,bundle,org.eclipse.equinox.util,1.0.100.v20090520-1800,"org.eclipse.equinox.util",1287737887416
started,bundle,org.eclipse.help,3.4.1.v20090805_35x,"org.eclipse.help",1287737887416
started,bundle,org.eclipse.jdt.core,3.5.2.v_981_R35x,"org.eclipse.jdt.core",1287737887416
started,bundle,org.eclipse.jdt.core.manipulation,1.3.0.v20090603,"org.eclipse.jdt.core.manipulation",1287737887416
started,bundle,org.eclipse.jdt.ui,3.5.2.r352_v20100106-0800,"org.eclipse.jdt.ui",1287737887416
started,bundle,org.eclipse.jem,2.0.301.v201001252130,"org.eclipse.jem",1287737887416
started,bundle,org.eclipse.jem.util,2.0.201.v201001252130,"org.eclipse.jem.util",1287737887416
started,bundle,org.eclipse.jface,3.5.2.M20100120-0800,"org.eclipse.jface",1287737887431
started,bundle,org.eclipse.jpt.core,2.2.1.v200908270220,"org.eclipse.jpt.core",1287737887447
started,bundle,org.eclipse.jpt.eclipselink.core,1.2.0.v200905310000,"org.eclipse.jpt.eclipselink.core",1287737887447
started,bundle,org.eclipse.jst.common.project.facet.core,1.4.1.v200911141836,"org.eclipse.jst.common.project.facet.core",1287737887447
started,bundle,org.eclipse.jst.j2ee,1.1.301.v201001272230,"org.eclipse.jst.j2ee",1287737887447
started,bundle,org.eclipse.jst.j2ee.core,1.1.301.v200911302230,"org.eclipse.jst.j2ee.core",1287737887604
started,bundle,org.eclipse.jst.j2ee.ui,1.1.301.v201001252130,"org.eclipse.jst.j2ee.ui",1287737887604
started,bundle,org.eclipse.jst.j2ee.webservice,1.1.300.v200901220600,"org.eclipse.jst.j2ee.webservice",1287737887604
started,bundle,org.eclipse.jst.j2ee.webservice.ui,1.1.300.v200902052230,"org.eclipse.jst.j2ee.webservice.ui",1287737887604
started,bundle,org.eclipse.jst.jee,1.0.201.v201002021055,"org.eclipse.jst.jee",1287737887604
started,bundle,org.eclipse.jst.jsf.common,1.1.9.v201001271707,"org.eclipse.jst.jsf.common",1287737887604
started,bundle,org.eclipse.jst.jsf.core,1.2.5.v201001271707,"org.eclipse.jst.jsf.core",1287737887635
started,bundle,org.eclipse.team.core,3.5.1.r35x_20100113-0800,"org.eclipse.team.core",1287737887635
started,bundle,org.eclipse.ui,3.5.2.M20100120-0800,"org.eclipse.ui",1287737887635
started,bundle,org.eclipse.ui.editors,3.5.0.v20090527-2000,"org.eclipse.ui.editors",1287737887635
started,bundle,org.eclipse.ui.forms,3.4.1.v20090714_35x,"org.eclipse.ui.forms",1287737887635
started,bundle,org.eclipse.ui.ide,3.5.2.M20100113-0800,"org.eclipse.ui.ide",1287737887635
started,bundle,org.eclipse.ui.intro,3.3.2.v20100111_35x,"org.eclipse.ui.intro",1287737887635
started,bundle,org.eclipse.ui.navigator,3.4.2.M20100120-0800,"org.eclipse.ui.navigator",1287737887635
started,bundle,org.eclipse.ui.navigator.resources,3.4.1.M20090826-0800,"org.eclipse.ui.navigator.resources",1287737887635
started,bundle,org.eclipse.ui.net,1.2.1.r35x_20090812-1200,"org.eclipse.ui.net",1287737887635
started,bundle,org.eclipse.ui.views,3.4.1.M20090826-0800,"org.eclipse.ui.views",1287737887651
started,bundle,org.eclipse.ui.workbench,3.5.2.M20100113-0800,"org.eclipse.ui.workbench",1287737887651
started,bundle,org.eclipse.ui.workbench.texteditor,3.5.1.r352_v20100105,"org.eclipse.ui.workbench.texteditor",1287737887713
started,bundle,org.eclipse.update.configurator,3.3.0.v20090312,"org.eclipse.update.configurator",1287737887713
started,bundle,org.eclipse.wst.common.emf,1.1.301.v200908181930,"org.eclipse.wst.common.emf",1287737887713
started,bundle,org.eclipse.wst.common.emfworkbench.integration,1.1.301.v200908101600,"org.eclipse.wst.common.emfworkbench.integration",1287737887713
started,bundle,org.eclipse.wst.common.frameworks,1.1.300.v200904160730,"org.eclipse.wst.common.frameworks",1287737887713
started,bundle,org.eclipse.wst.common.frameworks.ui,1.1.301.v200908101600,"org.eclipse.wst.common.frameworks.ui",1287737887713
started,bundle,org.eclipse.wst.common.modulecore,1.1.301.v201001252130,"org.eclipse.wst.common.modulecore",1287737887713
started,bundle,org.eclipse.wst.common.project.facet.core,1.4.1.v200911141735,"org.eclipse.wst.common.project.facet.core",1287737887713
started,bundle,org.eclipse.wst.jsdt.core,1.0.201.v2010012803,"org.eclipse.wst.jsdt.core",1287737887713
started,bundle,org.eclipse.wst.jsdt.manipulation,1.0.100.v200809240707,"org.eclipse.wst.jsdt.manipulation",1287737887713
started,bundle,org.eclipse.wst.jsdt.ui,1.0.201.v2010012803,"org.eclipse.wst.jsdt.ui",1287737887713
started,bundle,org.eclipse.wst.sse.core,1.1.402.v201001251516,"org.eclipse.wst.sse.core",1287737887713
started,bundle,org.eclipse.wst.validation,1.2.104.v200911120201,"org.eclipse.wst.validation",1287737887729
started,bundle,org.eclipse.wst.web,1.1.301.v200911302230,"org.eclipse.wst.web",1287737887792
started,bundle,org.eclipse.wst.xml.core,1.1.402.v201001222130,"org.eclipse.wst.xml.core",1287737887792
started,bundle,org.eclipse.equinox.simpleconfigurator,1.0.101.R35x_v20090807-1100,"org.eclipse.equinox.simpleconfigurator",1287737887792
os,sysinfo,,,"win32",1287737887792
arch,sysinfo,,,"x86",1287737887792
ws,sysinfo,,,"win32",1287737887792
locale,sysinfo,,,"en_US",1287737887792
processors,sysinfo,,,"2",1287737887792
java.runtime.name,sysinfo,,,"Java(TM) 2 Runtime Environment, Standard Edition",1287737887792
java.runtime.version,sysinfo,,,"1.5.0_13-b05",1287737887792
java.specification.name,sysinfo,,,"Java Platform API Specification",1287737887792
java.specification.vendor,sysinfo,,,"Sun Microsystems Inc.",1287737887792
java.specification.version,sysinfo,,,"1.5",1287737887792
java.vendor,sysinfo,,,"Sun Microsystems Inc.",1287737887792
java.version,sysinfo,,,"1.5.0_13",1287737887792
java.vm.info,sysinfo,,,"mixed mode",1287737887792
java.vm.name,sysinfo,,,"Java HotSpot(TM) Client VM",1287737887792
java.vm.specification.name,sysinfo,,,"Java Virtual Machine Specification",1287737887792
java.vm.specification.vendor,sysinfo,,,"Sun Microsystems Inc.",1287737887792
java.vm.specification.version,sysinfo,,,"1.0",1287737887792
java.vm.vendor,sysinfo,,,"Sun Microsystems Inc.",1287737887792
java.vm.version,sysinfo,,,"1.5.0_13-b05",1287737887792
started,bundle,org.eclipse.mylyn.commons.ui,3.2.3.v20100217-0100-e3x,"org.eclipse.mylyn.commons.ui",1287737887964
started,bundle,org.eclipse.mylyn.bugzilla.core,3.2.3.v20100217-0100-e3x,"org.eclipse.mylyn.bugzilla.core",1287737888168
started,bundle,org.eclipse.mylyn.bugzilla.ui,3.2.3.v20100217-0100-e3x,"org.eclipse.mylyn.bugzilla.ui",1287737888340
started,bundle,org.eclipse.mylyn.context.core,3.2.3.v20100217-0100-e3x,"org.eclipse.mylyn.context.core",1287737888575
started,bundle,org.eclipse.mylyn.context.ui,3.2.3.v20100217-0100-e3x,"org.eclipse.mylyn.context.ui",1287737888590
started,bundle,org.eclipse.mylyn.tasks.ui,3.2.3.v20100217-0100-e3x,"org.eclipse.mylyn.tasks.ui",1287737888716
started,bundle,org.eclipse.mylyn.monitor.ui,3.2.3.v20100217-0100-e3x,"org.eclipse.mylyn.monitor.ui",1287737889436
started,bundle,org.eclipse.mylyn.team.ui,3.2.3.v20100217-0100-e3x,"org.eclipse.mylyn.team.ui",1287737889452
started,bundle,org.eclipse.update.scheduler,3.2.200.v20081127,"org.eclipse.update.scheduler",1287737889765
started,bundle,org.eclipse.update.core,3.2.300.v20090525,"org.eclipse.update.core",1287737891519
started,bundle,org.eclipse.wst.ws.service.policy.ui,1.0.102.v200903070248,"org.eclipse.wst.ws.service.policy.ui",1287737891613
started,bundle,org.eclipse.jsch.core,1.1.100.I20090430-0408,"org.eclipse.jsch.core",1287737892224
started,bundle,org.eclipse.team.cvs.core,3.3.200.I20090430-0408,"org.eclipse.team.cvs.core",1287737892224
started,bundle,org.eclipse.team.ui,3.5.0.I20090430-0408,"org.eclipse.team.ui",1287737892396
started,bundle,org.eclipse.ui.console,3.4.0.v20090513,"org.eclipse.ui.console",1287737892553
started,bundle,org.eclipse.team.cvs.ui,3.3.202.r35x_20090930-0800,"org.eclipse.team.cvs.ui",1287737892647
activated,view,org.eclipse.ui.navigator.resources,3.4.1.M20090826-0800,"org.eclipse.ui.navigator.ProjectExplorer",1287737930862
activated,view,org.eclipse.ui.navigator.resources,3.4.1.M20090826-0800,"org.eclipse.ui.navigator.ProjectExplorer",1287737930877
closed,view,org.eclipse.ui,3.5.2.M20100120-0800,"org.eclipse.ui.internal.introview",1287737930877
activated,view,org.eclipse.ui.ide,3.5.2.M20100113-0800,"org.eclipse.ui.views.AllMarkersView",1287737937220
opened,view,org.eclipse.ui.views,3.4.1.M20090826-0800,"org.eclipse.ui.views.PropertySheet",1287737937314
started,bundle,org.eclipse.wst.server.core,1.1.102.v20100123,"org.eclipse.wst.server.core",1287737937534
started,bundle,org.eclipse.wst.server.ui,1.1.103.v20100123,"org.eclipse.wst.server.ui",1287737937549
opened,view,org.eclipse.wst.server.ui,1.1.103.v20100123,"org.eclipse.wst.server.ui.ServersView",1287737937565
started,bundle,org.eclipse.datatools.connectivity,1.1.3.v201001230803,"org.eclipse.datatools.connectivity",1287737937768
started,bundle,org.eclipse.datatools.connectivity.ui,1.1.5.v201001190218,"org.eclipse.datatools.connectivity.ui",1287737937768
started,bundle,org.eclipse.datatools.connectivity.ui.dse,1.1.3.v201001270323,"org.eclipse.datatools.connectivity.ui.dse",1287737937768
started,bundle,org.eclipse.datatools.enablement.ingres.ui,1.0.0.v200906111150,"org.eclipse.datatools.enablement.ingres.ui",1287737937925
started,bundle,org.eclipse.datatools.connectivity.sqm.core,1.1.1.v201001180200,"org.eclipse.datatools.connectivity.sqm.core",1287737939194
started,bundle,org.eclipse.datatools.connectivity.sqm.core.ui,1.1.100.v200910270525,"org.eclipse.datatools.connectivity.sqm.core.ui",1287737939194
opened,view,org.eclipse.datatools.connectivity.ui.dse,1.1.3.v201001270323,"org.eclipse.datatools.connectivity.DataSourceExplorerNavigator",1287737939429
started,bundle,org.eclipse.wst.common.snippets,1.1.301.v201001280015,"org.eclipse.wst.common.snippets",1287737939444
started,bundle,org.eclipse.gef,3.5.1.v20090910-2020,"org.eclipse.gef",1287737939460
started,bundle,org.eclipse.draw2d,3.5.2.v20091126-1908,"org.eclipse.draw2d",1287737939476
opened,view,org.eclipse.wst.common.snippets,1.1.301.v201001280015,"org.eclipse.wst.common.snippets.internal.ui.SnippetsView",1287737940024
activated,view,org.eclipse.ui.views,3.4.1.M20090826-0800,"org.eclipse.ui.views.ContentOutline",1287737940039
started,bundle,org.eclipse.search,3.5.1.r351_v20090708-0800,"org.eclipse.search",1287737940165
opened,view,org.eclipse.mylyn.tasks.ui,3.2.3.v20100217-0100-e3x,"org.eclipse.mylyn.tasks.ui.views.tasks",1287737940321
started,bundle,org.eclipse.debug.core,3.5.1.v20091103_r352,"org.eclipse.debug.core",1287737941339
started,bundle,org.eclipse.ui.views.log,1.0.100.v20090731,"org.eclipse.ui.views.log",1287737945051
started,bundle,org.eclipse.pde.ui,3.5.1.v201001121200,"org.eclipse.pde.ui",1287737945083
opened,view,org.eclipse.jdt.ui,3.5.2.r352_v20100106-0800,"org.eclipse.jdt.ui.PackageExplorer",1287737945145
opened,view,org.eclipse.ui.ide,3.5.2.M20100113-0800,"org.eclipse.ui.views.ProblemView",1287737945161
activated,view,org.eclipse.mylyn.tasks.ui,3.2.3.v20100217-0100-e3x,"org.eclipse.mylyn.tasks.ui.views.tasks",1287737945192
activated,perspective,org.eclipse.jdt.ui,3.5.2.r352_v20100106-0800,"org.eclipse.jdt.ui.JavaPerspective",1287737945192
activated,view,org.eclipse.mylyn.tasks.ui,3.2.3.v20100217-0100-e3x,"org.eclipse.mylyn.tasks.ui.views.tasks",1287737945192
executed,command,org.eclipse.ui,3.5.2.M20100120-0800,"org.eclipse.ui.perspectives.showPerspective",1287737945443
executed,command,org.eclipse.jdt.ui,3.5.2.r352_v20100106-0800,"org.eclipse.jdt.ui.JavaPerspective",1287737945443
started,bundle,org.eclipse.jdt.launching,3.5.1.v20100108_r352,"org.eclipse.jdt.launching",1287737960666
error,log,,,"Could not write: Z:\\adv java\\hql\\.metadata\\.mylyn\\repositories.xml.zip",1287737978745
deactivated,workbench,org.eclipse.ui.workbench,3.5.2.M20100113-0800,"",1287737989242
started,bundle,org.eclipse.jst.jee.ui,1.0.201.v201002021208,"org.eclipse.jst.jee.ui",1287738032420
started,bundle,org.eclipse.jst.servlet.ui,1.1.301.v200908101600,"org.eclipse.jst.servlet.ui",1287738032420
started,bundle,org.eclipse.jst.j2ee.navigator.ui,1.1.301.v201001252130,"org.eclipse.jst.j2ee.navigator.ui",1287738032452
started,bundle,org.eclipse.jdt.apt.core,3.3.202.R35x_v20091130-2300,"org.eclipse.jdt.apt.core",1287738032874
activated,workbench,org.eclipse.ui.workbench,3.5.2.M20100113-0800,"",1287738033641
activated,view,org.eclipse.jdt.ui,3.5.2.r352_v20100106-0800,"org.eclipse.jdt.ui.PackageExplorer",1287738037364
started,bundle,org.eclipse.ltk.core.refactoring,3.5.0.v20090513-2000,"org.eclipse.ltk.core.refactoring",1287738038756
started,bundle,org.eclipse.ltk.ui.refactoring,3.4.101.r352_v20100209,"org.eclipse.ltk.ui.refactoring",1287738038756
started,bundle,org.eclipse.compare,3.5.2.r35x_20100113-0800,"org.eclipse.compare",1287738039226
deactivated,workbench,org.eclipse.ui.workbench,3.5.2.M20100113-0800,"",1287738047987
activated,workbench,org.eclipse.ui.workbench,3.5.2.M20100113-0800,"",1287738070154
started,bundle,org.eclipse.compare.core,3.5.0.I20090430-0408,"org.eclipse.compare.core",1287738071437
opened,editor,org.eclipse.jdt.ui,3.5.2.r352_v20100106-0800,"org.eclipse.jdt.ui.CompilationUnitEditor",1287738071469
activated,editor,org.eclipse.jdt.ui,3.5.2.r352_v20100106-0800,"org.eclipse.jdt.ui.CompilationUnitEditor",1287738071578
started,bundle,org.eclipse.core.variables,3.2.200.v20090521,"org.eclipse.core.variables",1287738072016
started,bundle,org.eclipse.jdt.junit,3.5.2.r352_v20100113-0800,"org.eclipse.jdt.junit",1287738080824
deactivated,workbench,org.eclipse.ui.workbench,3.5.2.M20100113-0800,"",1287738156026
activated,workbench,org.eclipse.ui.workbench,3.5.2.M20100113-0800,"",1287738159515
executed,command,org.eclipse.jdt.ui,3.5.2.r352_v20100106-0800,"org.eclipse.jdt.ui.edit.text.java.generate.constructor.using.fields",1287738159609
executed,command,org.eclipse.ui,3.5.2.M20100120-0800,"org.eclipse.ui.edit.delete",1287738165131
executed,command,org.eclipse.ui,3.5.2.M20100120-0800,"org.eclipse.ui.edit.delete",1287738166179
deactivated,workbench,org.eclipse.ui.workbench,3.5.2.M20100113-0800,"",1287738180666
activated,workbench,org.eclipse.ui.workbench,3.5.2.M20100113-0800,"",1287738183482
executed,command,org.eclipse.jdt.ui,3.5.2.r352_v20100106-0800,"org.eclipse.jdt.ui.edit.text.java.create.getter.setter",1287738183529
started,bundle,org.eclipse.mylyn.java.tasks,3.2.3.v20100217-0100-e3x,"org.eclipse.mylyn.java.tasks",1287738190005
executed,command,org.eclipse.ui,3.5.2.M20100120-0800,"org.eclipse.ui.edit.copy",1287738190365
executed,command,org.eclipse.ui,3.5.2.M20100120-0800,"org.eclipse.ui.edit.paste",1287738194574
executed,command,org.eclipse.ui,3.5.2.M20100120-0800,"org.eclipse.ui.file.save",1287738210703
activated,view,org.eclipse.jdt.ui,3.5.2.r352_v20100106-0800,"org.eclipse.jdt.ui.PackageExplorer",1287738211970
deactivated,workbench,org.eclipse.ui.workbench,3.5.2.M20100113-0800,"",1287738216194
activated,workbench,org.eclipse.ui.workbench,3.5.2.M20100113-0800,"",1287738235249
opened,editor,org.eclipse.jdt.ui,3.5.2.r352_v20100106-0800,"org.eclipse.jdt.ui.CompilationUnitEditor",1287738235343
activated,editor,org.eclipse.jdt.ui,3.5.2.r352_v20100106-0800,"org.eclipse.jdt.ui.CompilationUnitEditor",1287738235421
deactivated,workbench,org.eclipse.ui.workbench,3.5.2.M20100113-0800,"",1287738308010
activated,workbench,org.eclipse.ui.workbench,3.5.2.M20100113-0800,"",1287738313778
executed,command,org.eclipse.jdt.ui,3.5.2.r352_v20100106-0800,"org.eclipse.jdt.ui.edit.text.java.create.getter.setter",1287738313825
executed,command,org.eclipse.ui,3.5.2.M20100120-0800,"org.eclipse.ui.file.save",1287738317733
activated,view,org.eclipse.jdt.ui,3.5.2.r352_v20100106-0800,"org.eclipse.jdt.ui.PackageExplorer",1287738320593
deactivated,workbench,org.eclipse.ui.workbench,3.5.2.M20100113-0800,"",1287738327893
started,bundle,org.eclipse.wst.xml.ui,1.1.2.v201001222130,"org.eclipse.wst.xml.ui",1287738336475
started,bundle,org.eclipse.wst.sse.ui,1.1.102.v200910200227,"org.eclipse.wst.sse.ui",1287738336678
started,bundle,org.eclipse.wst.common.ui,1.1.402.v200901262305,"org.eclipse.wst.common.ui",1287738336866
started,bundle,org.eclipse.wst.common.uriresolver,1.1.301.v200805140415,"org.eclipse.wst.common.uriresolver",1287738337866
started,bundle,org.eclipse.jst.jsp.ui,1.1.401.v200908111935,"org.eclipse.jst.jsp.ui",1287738338022
started,bundle,org.eclipse.jst.jsp.core,1.2.204.v201001270045,"org.eclipse.jst.jsp.core",1287738338226
started,bundle,org.eclipse.wst.dtd.ui,1.0.400.v200904300717,"org.eclipse.wst.dtd.ui",1287738338288
started,bundle,org.eclipse.debug.ui,3.5.2.v20091028_r352,"org.eclipse.debug.ui",1287738364361
opened,editor,org.eclipse.wst.xml.ui,1.1.2.v201001222130,"org.eclipse.wst.xml.ui.internal.tabletree.XMLMultiPageEditorPart",1287738364908
activated,editor,org.eclipse.wst.xml.ui,1.1.2.v201001222130,"org.eclipse.wst.xml.ui.internal.tabletree.XMLMultiPageEditorPart",1287738365002
activated,workbench,org.eclipse.ui.workbench,3.5.2.M20100113-0800,"",1287738365049
executed,command,org.eclipse.ui,3.5.2.M20100120-0800,"org.eclipse.ui.newWizard",1287738365096
started,bundle,org.eclipse.jem.workbench,2.0.201.v200911302230,"org.eclipse.jem.workbench",1287738365768
started,bundle,org.eclipse.wst.xsl.core,1.0.1.v200908101420,"org.eclipse.wst.xsl.core",1287738365799
started,bundle,org.eclipse.jst.j2ee.web,1.1.301.v200911302230,"org.eclipse.jst.j2ee.web",1287738365956
started,bundle,org.eclipse.wst.dtd.core,1.1.300.v200904181727,"org.eclipse.wst.dtd.core",1287738366112
started,bundle,org.eclipse.jst.jsf.ui,1.2.3.v201001271707,"org.eclipse.jst.jsf.ui",1287738366300
started,bundle,org.eclipse.wst.xsd.core,1.1.401.v200903020335,"org.eclipse.wst.xsd.core",1287738366300
started,bundle,org.eclipse.wst.html.ui,1.0.401.v200908111935,"org.eclipse.wst.html.ui",1287738366315
started,bundle,org.eclipse.wst.wsi.ui,1.0.500.v200901141851,"org.eclipse.wst.wsi.ui",1287738366409
started,bundle,org.eclipse.jst.j2ee.jca,1.1.301.v201001252130,"org.eclipse.jst.j2ee.jca",1287738366597
started,bundle,org.eclipse.jst.j2ee.ejb,1.1.301.v201001252130,"org.eclipse.jst.j2ee.ejb",1287738366784
started,bundle,org.eclipse.jst.common.frameworks,1.1.301.v201001252130,"org.eclipse.jst.common.frameworks",1287738366862
started,bundle,org.eclipse.wst.jsdt.web.core,1.0.201.v201001221931,"org.eclipse.wst.jsdt.web.core",1287738367019
started,bundle,org.eclipse.wst.wsdl.validation,1.1.402.v200911251542,"org.eclipse.wst.wsdl.validation",1287738367347
deactivated,workbench,org.eclipse.ui.workbench,3.5.2.M20100113-0800,"",1287738369254
activated,workbench,org.eclipse.ui.workbench,3.5.2.M20100113-0800,"",1287738411818
activated,view,org.eclipse.jdt.ui,3.5.2.r352_v20100106-0800,"org.eclipse.jdt.ui.PackageExplorer",1287738411896
activated,editor,org.eclipse.wst.xml.ui,1.1.2.v201001222130,"org.eclipse.wst.xml.ui.internal.tabletree.XMLMultiPageEditorPart",1287738413022
executed,command,org.eclipse.ui,3.5.2.M20100120-0800,"org.eclipse.ui.edit.paste",1287738417711
started,bundle,org.eclipse.wst.internet.cache,1.0.301.v200805140020,"org.eclipse.wst.internet.cache",1287738418555
error,log,,,"Error changing from state: 32",1287738435484
executed,command,org.eclipse.ui,3.5.2.M20100120-0800,"org.eclipse.ui.edit.text.contentAssist.proposals",1287738569602
started,bundle,org.eclipse.wst.xsl.debug.ui,1.0.0.v200904240436,"org.eclipse.wst.xsl.debug.ui",1287738597152
started,bundle,org.eclipse.jdt.debug,3.5.0.v20090526,"org.eclipse.jdt.debug",1287738598949
started,bundle,org.eclipse.jdt.debug.ui,3.4.1.v20090811_r351,"org.eclipse.jdt.debug.ui",1287738599043
activated,editor,org.eclipse.jdt.ui,3.5.2.r352_v20100106-0800,"org.eclipse.jdt.ui.CompilationUnitEditor",1287738599074
activated,editor,org.eclipse.wst.xml.ui,1.1.2.v201001222130,"org.eclipse.wst.xml.ui.internal.tabletree.XMLMultiPageEditorPart",1287738601996
executed,command,org.eclipse.ui,3.5.2.M20100120-0800,"org.eclipse.ui.edit.text.contentAssist.proposals",1287738724041
deactivated,workbench,org.eclipse.ui.workbench,3.5.2.M20100113-0800,"",1287738759170
activated,workbench,org.eclipse.ui.workbench,3.5.2.M20100113-0800,"",1287738777719
executed,command,org.eclipse.ui,3.5.2.M20100120-0800,"org.eclipse.ui.edit.text.contentAssist.proposals",1287738788299
executed,command,org.eclipse.ui.workbench.texteditor,3.5.1.r352_v20100105,"org.eclipse.ui.edit.text.goto.lineEnd",1287738790533
executed,command,org.eclipse.ui.workbench.texteditor,3.5.1.r352_v20100105,"org.eclipse.ui.edit.text.goto.lineEnd",1287738791080
executed,command,org.eclipse.ui,3.5.2.M20100120-0800,"org.eclipse.ui.edit.delete",1287738792002
executed,command,org.eclipse.ui,3.5.2.M20100120-0800,"org.eclipse.ui.edit.delete",1287738792393
executed,command,org.eclipse.ui,3.5.2.M20100120-0800,"org.eclipse.ui.edit.delete",1287738792596
executed,command,org.eclipse.ui,3.5.2.M20100120-0800,"org.eclipse.ui.edit.delete",1287738792799
executed,command,org.eclipse.ui,3.5.2.M20100120-0800,"org.eclipse.ui.edit.delete",1287738792971
